brand,style,colour,description,image_url,name,price,stock,size
adidas,mens-athletic-shoes,Black/Black,Soft textile lining with lightweight construction for maximum comfort,https://www.famousfootwear.ca//productimages/shoes_ib709394.jpg?preset=results,Men's Cloudfoam Adapt 2 Slip On Sneaker,94.99,13,13
Under Armour,mens-athletic-shoes,Black/White/Silver,Water-resistant with a vibrant canvas print along the full length of the tops,https://www.famousfootwear.ca//productimages/shoes_ib709527.jpg?preset=results,Men's Charged Escape Wide 3 Running Shoe,104.99,5,10
Converse,mens-athletic-shoes,Black/Grey,Modern,https://www.famousfootwear.ca//productimages/shoes_ib709650.jpg?preset=results,Chuck Taylor All Star High Street High Top Sneaker,74.99,6,6
Skechers Work,mens-athletic-shoes,Black,Soft textile lining with lightweight construction for maximum comfort,https://www.famousfootwear.ca//productimages/shoes_ib710340.jpg?preset=results,Men's Groton Wide Slip-Resistant Work Sneaker,64.99,11,8
Skechers Work,mens-athletic-shoes,Black,High-quality and light-weight,https://www.famousfootwear.ca//productimages/shoes_ib710341.jpg?preset=results,Men's Nampa Groton Wide Slip On Slip Resistant Work Shoe,69.99,11,12
Nike,mens-athletic-shoes,Grey/Black,High-quality and light-weight,https://www.famousfootwear.ca//productimages/shoes_ib705970.jpg?preset=results,Air Ring Leader Low Basketball Shoe,87.99,7,8
Vans,mens-athletic-shoes,White,High quality EVA sole for traction and exceptional durability,https://www.famousfootwear.ca//productimages/shoes_ib705597.jpg?preset=results,Men's Ward Low Top Sneaker,69.99,15,6
Nike,mens-athletic-shoes,Black/White,Full canvas double sided print with rounded toe construction,https://www.famousfootwear.ca//productimages/shoes_ib708484.jpg?preset=results,Men's Air Max Motion 2 Sneaker,94.99,1,7
New Balance,mens-athletic-shoes,Grey/Orange,Full canvas double sided print with rounded toe construction,https://www.famousfootwear.ca//productimages/shoes_ib707671.jpg?preset=results,Men's 481 Wide Trail Running Shoe,74.99,12,6
Converse,mens-athletic-shoes,Black/White,Elastic stretch V for easy on-and-off use,https://www.famousfootwear.ca//productimages/shoes_ib705775.jpg?preset=results,Men's Chuck Taylor All Star High Street Leather Sneaker,79.99,9,9
Nike,mens-athletic-shoes,Black,Elastic stretch V for easy on-and-off use,https://www.famousfootwear.ca//productimages/shoes_ib708155.jpg?preset=results,Men's Air Max Motion 2 Sneaker,104.99,6,12
Nike,mens-athletic-shoes,Black/Gold,High quality EVA sole for traction and exceptional durability,https://www.famousfootwear.ca//productimages/shoes_ib706661.jpg?preset=results,Precision 2 Basketball Shoe,94.99,5,7
Nike,mens-athletic-shoes,Black/Black/Red,Modern,https://www.famousfootwear.ca//productimages/shoes_ib705041.jpg?preset=results,Men's Nike SB Check Solar Canvas Skate Shoe,84.99,10,10
adidas,mens-athletic-shoes,Black/White,Crafted from a premium fabric blend for enhanced moisture-wicking performance,https://www.famousfootwear.ca//productimages/shoes_ib707573.jpg?preset=results,Men's Grand Court Sneaker,79.99,5,9
adidas,mens-athletic-shoes,Black/White,Water-resistant with a vibrant canvas print along the full length of the tops,https://www.famousfootwear.ca//productimages/shoes_ib707485.jpg?preset=results,Men's VS Hoops 2.0 High Top Sneaker,89.99,8,12
Vans,mens-athletic-shoes,Checkerboard/Black/White,Elastic stretch V for easy on-and-off use,https://www.famousfootwear.ca//productimages/shoes_ib706992.jpg?preset=results,Men's Ward Low Top Sneaker,69.99,5,11
adidas,mens-athletic-shoes,White/Black,Full canvas double sided print with rounded toe construction,https://www.famousfootwear.ca//productimages/shoes_ib708305.jpg?preset=results,Men's VS Hoops 2.0 High Top Sneaker,89.99,2,6
Vans,mens-athletic-shoes,Black,High quality canvas construction,https://www.famousfootwear.ca//productimages/shoes_ib701240.jpg?preset=results,Men's Asher Slip On Low Top Sneaker,64.99,12,7
Converse,mens-athletic-shoes,White/Grey,Water-resistant with a vibrant canvas print along the full length of the tops,https://www.famousfootwear.ca//productimages/shoes_ib709651.jpg?preset=results,Chuck Taylor All Star High Street High Top Sneaker,64.99,15,12
Converse,mens-athletic-shoes,White/Black,Elastic stretch V for easy on-and-off use,https://www.famousfootwear.ca//productimages/shoes_ib705776.jpg?preset=results,Men's Chuck Taylor All Star High Street Leather Sneaker,79.99,12,13
Nike,mens-athletic-shoes,Black/White,Elastic stretch V for easy on-and-off use,https://www.famousfootwear.ca//productimages/shoes_ib708537.jpg?preset=results,Men's LD Victory Sneaker,79.99,9,9
Vans,mens-athletic-shoes,Black,Water-resistant with a vibrant canvas print along the full length of the tops,https://www.famousfootwear.ca//productimages/shoes_ib705596.jpg?preset=results,Men's Ward High Top Sneaker,79.99,14,10
Nike,mens-athletic-shoes,Grey/Black,Full canvas double sided print with rounded toe construction,https://www.famousfootwear.ca//productimages/shoes_ib708162.jpg?preset=results,Men's Run Swift Running Shoe,94.99,14,11
Nike,mens-athletic-shoes,Black/Grey,Crafted from a premium fabric blend for enhanced moisture-wicking performance,https://www.famousfootwear.ca//productimages/shoes_ib708726.jpg?preset=results,Men's Nike Quest 2 Running Shoe,84.99,6,6
Nike,mens-athletic-shoes,Black/Red,High-quality and light-weight,https://www.famousfootwear.ca//productimages/shoes_ib707340.jpg?preset=results,Men's Air Monarch IV X-Wide Walking Shoe,84.99,15,12
ASICS,mens-athletic-shoes,Blue/Orange,High-quality and light-weight,https://www.famousfootwear.ca//productimages/shoes_ib708870.jpg?preset=results,Men's GEL Venture 7 Medium/Wide Trail Running Shoe,84.99,8,12
New Balance,mens-athletic-shoes,Black/Grey,High quality canvas construction,https://www.famousfootwear.ca//productimages/shoes_ib708359.jpg?preset=results,Men's 410 V6 Wide Trail Running Shoe,79.99,2,13
Nike,mens-athletic-shoes,Black/Black,High quality EVA sole for traction and exceptional durability,https://www.famousfootwear.ca//productimages/shoes_ib703810.jpg?preset=results,Men's Tanjun Sneaker,87.99,7,8
K-Swiss,mens-athletic-shoes,Black/White,High-quality and light-weight,https://www.famousfootwear.ca//productimages/shoes_ib709473.jpg?preset=results,Men's ST329 CMF Memory Foam X-Wide Training Shoe,94.99,2,8
Converse,mens-athletic-shoes,Black/White,High-quality and light-weight,https://www.famousfootwear.ca//productimages/shoes_ib705631.jpg?preset=results,Chuck Taylor All Star Low Top Sneaker,59.99,3,8
Converse,mens-athletic-shoes,Black/Black,Elastic stretch V for easy on-and-off use,https://www.famousfootwear.ca//productimages/shoes_ib705638.jpg?preset=results,Chuck Taylor All Star Hi Top Sneaker,69.99,8,10
Puma,mens-athletic-shoes,Black,High quality EVA sole for traction and exceptional durability,https://www.famousfootwear.ca//productimages/shoes_ib58518.jpg?preset=results,Men's Tazon 6 Fracture Running Shoe,99.99,10,7
Puma,mens-athletic-shoes,Black/Red,Crafted from a premium fabric blend for enhanced moisture-wicking performance,https://www.famousfootwear.ca//productimages/shoes_ib95839.jpg?preset=results,Men's Phase Running Shoe,89.99,10,10
Puma,mens-athletic-shoes,Black/Gold,High quality EVA sole for traction and exceptional durability,https://www.famousfootwear.ca//productimages/shoes_ib95845.jpg?preset=results,Men's Axelion Running Shoe,99.99,9,13
Puma,mens-athletic-shoes,Black/Gold,Full canvas double sided print with rounded toe construction,https://www.famousfootwear.ca//productimages/shoes_ib95433.jpg?preset=results,Men's Regulate Running Shoe,109.99,6,11
Puma,mens-athletic-shoes,Black/White,Modern,https://www.famousfootwear.ca//productimages/shoes_ib709640.jpg?preset=results,Men's Axelion Running Shoe,99.99,9,13
Puma,mens-athletic-shoes,Black/Black,Crafted from a premium fabric blend for enhanced moisture-wicking performance,https://www.famousfootwear.ca//productimages/shoes_ib72730.jpg?preset=results,Men's Pacer Next Cage Sneaker,99.99,10,11
Nike,mens-athletic-shoes,Black/Black,Soft textile lining with lightweight construction for maximum comfort,https://www.famousfootwear.ca//productimages/shoes_ib708482.jpg?preset=results,Men's Oketo Sneaker,84.99,15,13
Vans,mens-athletic-shoes,Checkerboard/Black/Red,Crafted from a premium fabric blend for enhanced moisture-wicking performance,https://www.famousfootwear.ca//productimages/shoes_ib707574.jpg?preset=results,Men's Ward Low Top Sneaker,64.99,8,9
Nike,mens-athletic-shoes,Grey/Black,Elastic stretch V for easy on-and-off use,https://www.famousfootwear.ca//productimages/shoes_ib708491.jpg?preset=results,Precision 2 Basketball Shoe,89.99,1,12
Vans,mens-athletic-shoes,Black/White,High quality canvas construction,https://www.famousfootwear.ca//productimages/shoes_ib708497.jpg?preset=results,Men's Asher Slip On Low Top Sneaker,64.99,15,10
Vans,mens-athletic-shoes,Black,High-quality and light-weight,https://www.famousfootwear.ca//productimages/shoes_ib700415.jpg?preset=results,Men's Atwood Low Top Sneaker,69.99,3,12
Vans,mens-athletic-shoes,Black,High-quality and light-weight,https://www.famousfootwear.ca//productimages/shoes_ib705376.jpg?preset=results,Men's Ward Low Top Sneaker,69.99,10,13
Converse,mens-athletic-shoes,Dark Grey/Lt Grey,Soft textile lining with lightweight construction for maximum comfort,https://www.famousfootwear.ca//productimages/shoes_ib706262.jpg?preset=results,Chuck Taylor All Star High Street High Top Sneaker,69.99,10,11
adidas,mens-athletic-shoes,White/Black,Water-resistant with a vibrant canvas print along the full length of the tops,https://www.famousfootwear.ca//productimages/shoes_ib709070.jpg?preset=results,Men's Questar Flow Sneaker,94.99,3,12
adidas,mens-athletic-shoes,Black/White,High quality EVA sole for traction and exceptional durability,https://www.famousfootwear.ca//productimages/shoes_ib708539.jpg?preset=results,Men's Hoops Low Sneaker,79.99,8,10
Nike,mens-athletic-shoes,Black,High-quality and light-weight,https://www.famousfootwear.ca//productimages/shoes_ib700163.jpg?preset=results,Men's Air Monarch IV X-Wide Walking Shoe,84.99,8,11
Nike,mens-athletic-shoes,Navy/White,Soft textile lining with lightweight construction for maximum comfort,https://www.famousfootwear.ca//productimages/shoes_ib709472.jpg?preset=results,Men's Nike SB Charge Skate Shoe,84.99,13,10
adidas,mens-athletic-shoes,Black/White,Modern,https://www.famousfootwear.ca//productimages/shoes_ib707486.jpg?preset=results,Men's Cloudfoam Adapt Slip On Sneaker,94.99,10,7
adidas,mens-athletic-shoes,White/Black,Modern,https://www.famousfootwear.ca//productimages/shoes_ib707572.jpg?preset=results,Men's Grand Court Sneaker,79.99,9,7
Vans,mens-athletic-shoes,Black/White,Full canvas double sided print with rounded toe construction,https://www.famousfootwear.ca//productimages/shoes_ib704275.jpg?preset=results,Men's Ward High Top Sneaker,69.99,13,9
adidas,mens-athletic-shoes,White/Black,Soft textile lining with lightweight construction for maximum comfort,https://www.famousfootwear.ca//productimages/shoes_ib709832.jpg?preset=results,Men's Cloudfoam Adapt Slip On Sneaker,94.99,2,10
Nike,mens-athletic-shoes,Grey/Red,High quality EVA sole for traction and exceptional durability,https://www.famousfootwear.ca//productimages/shoes_ib708154.jpg?preset=results,Men's Air Max Motion 2 Sneaker,89.99,11,8
Vans,mens-athletic-shoes,Black/White,Elastic stretch V for easy on-and-off use,https://www.famousfootwear.ca//productimages/shoes_ib708412.jpg?preset=results,Men's Doheny Low Top Sneaker,64.99,3,11
Nike,mens-athletic-shoes,Black,High-quality and light-weight,https://www.famousfootwear.ca//productimages/shoes_ib708646.jpg?preset=results,Men's Nike SB Charge Skate Shoe,87.99,10,8
Nike,mens-athletic-shoes,Black/White,High quality canvas construction,https://www.famousfootwear.ca//productimages/shoes_ib708265.jpg?preset=results,Men's Acalme Sneaker,84.99,8,12
Vans,mens-athletic-shoes,Black/White,Elastic stretch V for easy on-and-off use,https://www.famousfootwear.ca//productimages/shoes_ib708747.jpg?preset=results,Men's Doheny Low Top Sneaker,69.99,15,13
Vans,mens-athletic-shoes,White,Crafted from a premium fabric blend for enhanced moisture-wicking performance,https://www.famousfootwear.ca//productimages/shoes_ib709492.jpg?preset=results,Men's Doheny Low Top Sneaker,69.99,2,12
Nike,mens-athletic-shoes,Black,High-quality and light-weight,https://www.famousfootwear.ca//productimages/shoes_ib706896.jpg?preset=results,Men's Ebernon Low Top Sneaker,79.99,9,8
adidas,mens-athletic-shoes,White/White,Soft textile lining with lightweight construction for maximum comfort,https://www.famousfootwear.ca//productimages/shoes_ib709035.jpg?preset=results,Men's Hoops Low Sneaker,79.99,11,9
Vans,mens-athletic-shoes,Grey/Black,Full canvas double sided print with rounded toe construction,https://www.famousfootwear.ca//productimages/shoes_ib709772.jpg?preset=results,Men's Ward Low Top Sneaker,84.99,3,13
Nike,mens-athletic-shoes,Grey/Black/White,Water-resistant with a vibrant canvas print along the full length of the tops,https://www.famousfootwear.ca//productimages/shoes_ib705971.jpg?preset=results,Air Mavin Low Basketball Shoe,87.99,14,13
adidas,mens-athletic-shoes,Black/Red,High quality canvas construction,https://www.famousfootwear.ca//productimages/shoes_ib708306.jpg?preset=results,Men's VS Hoops 2.0 High Top Sneaker,94.99,5,8
Vans,mens-athletic-shoes,Black/Black,Elastic stretch V for easy on-and-off use,https://www.famousfootwear.ca//productimages/shoes_ib708363.jpg?preset=results,Men's Doheny Low Top Sneaker,64.99,11,10
Puma,mens-athletic-shoes,Black,Water-resistant with a vibrant canvas print along the full length of the tops,https://www.famousfootwear.ca//productimages/shoes_ib707819.jpg?preset=results,Men's Tazon 6 Fracture Running Shoe,99.99,11,7
adidas,mens-athletic-shoes,Noir/Rouge/Blanc,Water-resistant with a vibrant canvas print along the full length of the tops,https://www.famousfootwear.ca//productimages/shoes_ib708308.jpg?preset=results,Men's Cloudfoam Lite Racer BYD Sneaker,79.99,4,13
adidas,mens-athletic-shoes,Noir/Noir,Soft textile lining with lightweight construction for maximum comfort,https://www.famousfootwear.ca//productimages/shoes_ib708307.jpg?preset=results,Men's Cloudfoam Lite Racer BYD Sneaker,94.99,6,9
Vans,mens-athletic-shoes,Black/White,High quality EVA sole for traction and exceptional durability,https://www.famousfootwear.ca//productimages/shoes_ib704273.jpg?preset=results,Men's Ward Low Top Sneaker,74.99,9,9
Nike,mens-athletic-shoes,Grey/White,Modern,https://www.famousfootwear.ca//productimages/shoes_ib708717.jpg?preset=results,Men's Nike SB Charge Skate Shoe,84.99,12,8
Nike,mens-athletic-shoes,White/Black,High quality EVA sole for traction and exceptional durability,https://www.famousfootwear.ca//productimages/shoes_ib708419.jpg?preset=results,Men's Cortez Basic Leather Sneaker,89.99,15,8
Vans,mens-athletic-shoes,Checkerboard/Black/White,Full canvas double sided print with rounded toe construction,https://www.famousfootwear.ca//productimages/shoes_ib706567.jpg?preset=results,Men's Asher Slip On Low Top Sneaker,59.99,12,13
adidas,mens-athletic-shoes,Black/Grey,High quality EVA sole for traction and exceptional durability,https://www.famousfootwear.ca//productimages/shoes_ib707667.jpg?preset=results,Men's Questar Flow Sneaker,94.99,1,7
Nike,mens-athletic-shoes,White/Black,Soft textile lining with lightweight construction for maximum comfort,https://www.famousfootwear.ca//productimages/shoes_ib709398.jpg?preset=results,Men's Air Max Excee Sneaker,114.99,3,12
Converse,mens-athletic-shoes,Black/Green,High quality EVA sole for traction and exceptional durability,https://www.famousfootwear.ca//productimages/shoes_ib709647.jpg?preset=results,Chuck Taylor All Star High Street High Top Sneaker,74.99,2,6
adidas,mens-athletic-shoes,Denim/White,Full canvas double sided print with rounded toe construction,https://www.famousfootwear.ca//productimages/shoes_ib706764.jpg?preset=results,Men's Daily 2.0 Sneaker,79.99,10,7
Nike,mens-athletic-shoes,Grey,High quality EVA sole for traction and exceptional durability,https://www.famousfootwear.ca//productimages/shoes_ib709453.jpg?preset=results,Men's Nike SB Check Solar Canvas Skate Shoe,89.99,4,8
Nike,mens-athletic-shoes,Anthracite/Silver,High-quality and light-weight,https://www.famousfootwear.ca//productimages/shoes_ib701671.jpg?preset=results,Men's Air Max Torch 4 Running Shoe,104.99,13,7
Nike,mens-athletic-shoes,Black/White,Water-resistant with a vibrant canvas print along the full length of the tops,https://www.famousfootwear.ca//productimages/shoes_ib708418.jpg?preset=results,Men's Cortez Basic Leather Sneaker,89.99,15,7
Nike,mens-athletic-shoes,Black/Grey,Crafted from a premium fabric blend for enhanced moisture-wicking performance,https://www.famousfootwear.ca//productimages/shoes_ib708281.jpg?preset=results,Precision III Basketball Shoe,94.99,11,9
Nike,mens-athletic-shoes,Black/White,High quality EVA sole for traction and exceptional durability,https://www.famousfootwear.ca//productimages/shoes_ib708645.jpg?preset=results,Men's Nike SB Charge Skate Shoe,84.99,1,6
Nike,mens-athletic-shoes,Black/Red,High quality EVA sole for traction and exceptional durability,https://www.famousfootwear.ca//productimages/shoes_ib708737.jpg?preset=results,Men's Run Swift Running Shoe,89.99,10,11
Under Armour,mens-athletic-shoes,Black/Grey,High-quality and light-weight,https://www.famousfootwear.ca//productimages/shoes_ib708547.jpg?preset=results,Men's Charged Rogue Running Shoe,84.99,4,13
Nike,mens-athletic-shoes,White,Soft textile lining with lightweight construction for maximum comfort,https://www.famousfootwear.ca//productimages/shoes_ib707338.jpg?preset=results,Men's Air Monarch IV X-Wide Walking Shoe,84.99,9,7
ASICS,mens-athletic-shoes,Black/White,Water-resistant with a vibrant canvas print along the full length of the tops,https://www.famousfootwear.ca//productimages/shoes_ib708647.jpg?preset=results,Men's GEL-Contend 5 X-Wide Running Shoe,84.99,14,11
Vans,mens-athletic-shoes,Red/White,Modern,https://www.famousfootwear.ca//productimages/shoes_ib708748.jpg?preset=results,Men's Doheny Low Top Sneaker,54.99,4,9
Nike,mens-athletic-shoes,Black/Orange/Grey,Full canvas double sided print with rounded toe construction,https://www.famousfootwear.ca//productimages/shoes_ib709455.jpg?preset=results,Men's Renew Run Running Shoe,89.99,3,7
Nike,mens-athletic-shoes,Black,Full canvas double sided print with rounded toe construction,https://www.famousfootwear.ca//productimages/shoes_ib709223.jpg?preset=results,Men's Revolution 5 Wide Running Shoe,79.99,7,13
Under Armour,mens-athletic-shoes,Black/White,Crafted from a premium fabric blend for enhanced moisture-wicking performance,https://www.famousfootwear.ca//productimages/shoes_ib708570.jpg?preset=results,Men's Charged Escape 3 Running Shoe,94.99,7,8
Nike,mens-athletic-shoes,Black/Gum,Soft textile lining with lightweight construction for maximum comfort,https://www.famousfootwear.ca//productimages/shoes_ib708544.jpg?preset=results,Men's Nike SB Charge Skate Shoe,84.99,3,7
Nike,mens-athletic-shoes,Red,Soft textile lining with lightweight construction for maximum comfort,https://www.famousfootwear.ca//productimages/shoes_ib708725.jpg?preset=results,Men's Quest Running Shoe,84.99,1,11
Nike,mens-athletic-shoes,Black/Red/White,High quality EVA sole for traction and exceptional durability,https://www.famousfootwear.ca//productimages/shoes_ib709224.jpg?preset=results,Men's Revolution 5 Running Shoe,84.99,3,13
Under Armour,mens-athletic-shoes,Black/Gold,High-quality and light-weight,https://www.famousfootwear.ca//productimages/shoes_ib708571.jpg?preset=results,Men's Charged Escape 3 Running Shoe,94.99,1,6
Nike,mens-athletic-shoes,Black/White,Water-resistant with a vibrant canvas print along the full length of the tops,https://www.famousfootwear.ca//productimages/shoes_ib708488.jpg?preset=results,Men's Nike SB Charge Skate Shoe,87.99,14,9
Puma,mens-athletic-shoes,Black/Gold,Water-resistant with a vibrant canvas print along the full length of the tops,https://www.famousfootwear.ca//productimages/shoes_ib709642.jpg?preset=results,Men's Axelion Running Shoe,99.99,9,11
Vans,mens-athletic-shoes,Checkerboard/Grey,Full canvas double sided print with rounded toe construction,https://www.famousfootwear.ca//productimages/shoes_ib708498.jpg?preset=results,Men's Doheny Low Top Sneaker,59.99,14,6
Under Armour,mens-athletic-shoes,Grey,High quality canvas construction,https://www.famousfootwear.ca//productimages/shoes_ib708574.jpg?preset=results,Men's Charged Rogue Running Shoe,74.99,6,12
Dr. Martens,mens-boots,Tan,Elastic stretch V for easy on-and-off use,https://www.famousfootwear.ca//productimages/shoes_ib709000.jpg?preset=results,Men's Hardie Slip Resistant Leather Chelsea Boot,129.99,8,11
Timberland,mens-boots,Black,Elastic stretch V for easy on-and-off use,https://www.famousfootwear.ca//productimages/shoes_ib705610.jpg?preset=results,Men's Flume Waterproof Medium/Wide Hiking Boot,129.99,12,11
Columbia,mens-boots,Black,Full canvas double sided print with rounded toe construction,https://www.famousfootwear.ca//productimages/shoes_ib708815.jpg?preset=results,Men's Liftop Omni-Heat Waterproof Winter Boot,134.99,1,13
Timberland,mens-boots,Black,High quality EVA sole for traction and exceptional durability,https://www.famousfootwear.ca//productimages/shoes_ib705613.jpg?preset=results,"Men's 6"" Padded Collar Medium/Wide Waterproof Boot",179.99,4,8
Dr. Martens,mens-boots,Black,Crafted from a premium fabric blend for enhanced moisture-wicking performance,https://www.famousfootwear.ca//productimages/shoes_ib708781.jpg?preset=results,Men's Awley Combat Boot,119.99,9,13
Dr. Martens,mens-boots,Brown,Crafted from a premium fabric blend for enhanced moisture-wicking performance,https://www.famousfootwear.ca//productimages/shoes_ib708782.jpg?preset=results,Men's Awley Combat Boot,119.99,7,13
Timberland,mens-boots,Brown,High quality EVA sole for traction and exceptional durability,https://www.famousfootwear.ca//productimages/shoes_ib706877.jpg?preset=results,Men's Flume Waterproof Medium/Wide Hiking Boot,119.99,11,13
Perry Ellis,mens-boots,Black,Full canvas double sided print with rounded toe construction,https://www.famousfootwear.ca//productimages/shoes_ib00949.jpg?preset=results,Men's Craig Chukka Boot,49.99,12,12
Columbia,mens-boots,Charcoal Grey,High quality canvas construction,https://www.famousfootwear.ca//productimages/shoes_ib703995.jpg?preset=results,Men's Newton Ridge Medium/Wide Waterproof Hiking Boot,119.99,10,7
Skechers,mens-boots,Crazy Horse/Brown,Full canvas double sided print with rounded toe construction,https://www.famousfootwear.ca//productimages/shoes_ib702158.jpg?preset=results,Men's Verdict Waterproof Medium/Wide Boot,99.99,9,12
Perry Ellis,mens-boots,Grey,Soft textile lining with lightweight construction for maximum comfort,https://www.famousfootwear.ca//productimages/shoes_ib35639.jpg?preset=results,Men's Craig Chukka Boot,49.99,10,9
Perry Ellis,mens-boots,Black,High quality EVA sole for traction and exceptional durability,https://www.famousfootwear.ca//productimages/shoes_ib36511.jpg?preset=results,Men's Manning Boot,69.99,11,8
Columbia,mens-boots,Black,Soft textile lining with lightweight construction for maximum comfort,https://www.famousfootwear.ca//productimages/shoes_ib705473.jpg?preset=results,Men's Newton Ridge Medium/Wide Waterproof Hiking Boot,119.99,14,8
Columbia,mens-boots,Black,High quality canvas construction,https://www.famousfootwear.ca//productimages/shoes_ib708814.jpg?preset=results,Men's Liftop Omni-Heat Waterproof Winter Boot,134.99,10,13
Levi's,mens-boots,Black Tan,High quality EVA sole for traction and exceptional durability,https://www.famousfootwear.ca//productimages/shoes_ib96207.jpg?preset=results,Men's Jeffrey High Top Sneaker,89.99,6,9
Skechers,mens-boots,Black,High quality EVA sole for traction and exceptional durability,https://www.famousfootwear.ca//productimages/shoes_ib707267.jpg?preset=results,Men's Morson Medium/Wide Waterproof Memory Foam Boot,89.99,7,13
Levi's,mens-boots,Brown Tan,High-quality and light-weight,https://www.famousfootwear.ca//productimages/shoes_ib96395.jpg?preset=results,Men's Stanton High Top Sneaker Boot,74.99,4,12
Columbia,mens-boots,Black,High-quality and light-weight,https://www.famousfootwear.ca//productimages/shoes_ib707135.jpg?preset=results,Men's Bugaboot Wide Waterproof Winter Boot,149.99,2,13
LUGZ,mens-boots,Wheat,High quality canvas construction,https://www.famousfootwear.ca//productimages/shoes_ib706879.jpg?preset=results,Men's Empire High Top Water Resistant Lace Up Boot,109.99,15,7
Dockers,mens-boots,Black,High quality EVA sole for traction and exceptional durability,https://www.famousfootwear.ca//productimages/shoes_ib707481.jpg?preset=results,Men's Therman Boot,109.99,1,9
LUGZ,mens-boots,Black,Elastic stretch V for easy on-and-off use,https://www.famousfootwear.ca//productimages/shoes_ib706878.jpg?preset=results,Men's Empire High Top Water Resistant Lace Up Boot,109.99,5,8
Skechers,mens-boots,Brown,High-quality and light-weight,https://www.famousfootwear.ca//productimages/shoes_ib708890.jpg?preset=results,Men's Blaine Orsend Boot,119.99,15,11
Timberland,mens-boots,Wheat,Modern,https://www.famousfootwear.ca//productimages/shoes_ib705612.jpg?preset=results,"Men's 6"" Padded Collar Medium/Wide Waterproof Boot",179.99,15,10
Columbia,mens-boots,Brown,Soft textile lining with lightweight construction for maximum comfort,https://www.famousfootwear.ca//productimages/shoes_ib708817.jpg?preset=results,Men's Redmond Hiking Shoe,84.99,4,8
Timberland,mens-boots,Grey,Elastic stretch V for easy on-and-off use,https://www.famousfootwear.ca//productimages/shoes_ib708513.jpg?preset=results,Men's Groveton Chukka Boot,99.99,8,12
Timberland,mens-boots,Black,High quality EVA sole for traction and exceptional durability,https://www.famousfootwear.ca//productimages/shoes_ib706293.jpg?preset=results,Men's Groveton Chukka Boot,99.99,3,9
Timberland,mens-boots,Wheat,High quality EVA sole for traction and exceptional durability,https://www.famousfootwear.ca//productimages/shoes_ib706873.jpg?preset=results,Men's Groveton Chukka Boot,79.99,5,12
Skechers,mens-boots,Khaki,Full canvas double sided print with rounded toe construction,https://www.famousfootwear.ca//productimages/shoes_ib707453.jpg?preset=results,Men's Pelmo Medium/Wide Waterproof Hiking Boot,99.99,3,9
Skechers,mens-boots,Khaki,Crafted from a premium fabric blend for enhanced moisture-wicking performance,https://www.famousfootwear.ca//productimages/shoes_ib707454.jpg?preset=results,Men's Pelmo Medium/Wide Waterproof Hiking Boot,99.99,15,8
Timberland,mens-boots,Brown,Crafted from a premium fabric blend for enhanced moisture-wicking performance,https://www.famousfootwear.ca//productimages/shoes_ib706897.jpg?preset=results,Men's Groveton Chukka Boot,99.99,14,7
Timberland,mens-boots,Bl√©,Crafted from a premium fabric blend for enhanced moisture-wicking performance,https://www.famousfootwear.ca//productimages/shoes_ib708193.jpg?preset=results,Men's Chillberg Waterproof Boot,159.99,1,11
Clarks,mens-boots,Brown,Crafted from a premium fabric blend for enhanced moisture-wicking performance,https://www.famousfootwear.ca//productimages/shoes_ib709252.jpg?preset=results,Men's Bowman Waterproof Boot,119.99,7,8
Columbia,mens-boots,Black,Water-resistant with a vibrant canvas print along the full length of the tops,https://www.famousfootwear.ca//productimages/shoes_ib707136.jpg?preset=results,Men's Bugaboot Wide Waterproof Winter Boot,149.99,13,11
Skechers,mens-boots,Black,Crafted from a premium fabric blend for enhanced moisture-wicking performance,https://www.famousfootwear.ca//productimages/shoes_ib708891.jpg?preset=results,Men's Blaine Orsend Boot,89.99,1,7
Timberland,mens-boots,Black,Soft textile lining with lightweight construction for maximum comfort,https://www.famousfootwear.ca//productimages/shoes_ib709450.jpg?preset=results,Men's Tenmile Chukka Boot,139.99,4,7
Skechers,mens-boots,Black,Crafted from a premium fabric blend for enhanced moisture-wicking performance,https://www.famousfootwear.ca//productimages/shoes_ib707268.jpg?preset=results,Men's Morson Medium/Wide Waterproof Memory Foam Boot,89.99,7,8
Kamik,mens-boots,Dark Brown,Water-resistant with a vibrant canvas print along the full length of the tops,https://www.famousfootwear.ca//productimages/shoes_ib700576.jpg?preset=results,Men's Nationplus Wide Waterproof Winter Boot,109.99,15,9
Madden,mens-boots,Cognac,Modern,https://www.famousfootwear.ca//productimages/shoes_ib709189.jpg?preset=results,Men's Booster Boot,89.99,14,8
Timberland,mens-boots,Wheat,Modern,https://www.famousfootwear.ca//productimages/shoes_ib706875.jpg?preset=results,Men's Tenmile Chukka Boot,139.99,6,8
Kamik,mens-boots,Brown,Modern,https://www.famousfootwear.ca//productimages/shoes_ib700575.jpg?preset=results,Men's Nation Plus Waterproof Winter Boot,109.99,4,12
Kamik,mens-boots,Black,Water-resistant with a vibrant canvas print along the full length of the tops,https://www.famousfootwear.ca//productimages/shoes_ib708804.jpg?preset=results,Men's Nation Pro Waterproof Cold Weather Boot,129.99,1,9
Kamik,mens-boots,Black,High quality canvas construction,https://www.famousfootwear.ca//productimages/shoes_ib704033.jpg?preset=results,Men's Champlain 2 Cold Weather Boot,119.99,4,13
Dr. Martens,mens-boots,Black,Elastic stretch V for easy on-and-off use,https://www.famousfootwear.ca//productimages/shoes_ib708999.jpg?preset=results,Men's Hardie Slip Resistant Leather Chelsea Boot,129.99,1,11
Kamik,mens-boots,Black,High-quality and light-weight,https://www.famousfootwear.ca//productimages/shoes_ib701564.jpg?preset=results,Men's Greenbay 4 Cold Weather Waterproof Boot,89.99,7,13
Dr. Martens,mens-boots,Brown,Modern,https://www.famousfootwear.ca//productimages/shoes_ib707230.jpg?preset=results,Men's Cartor Lace Up Rugged Boot,99.99,15,12
Dr. Martens,mens-boots,Black,Crafted from a premium fabric blend for enhanced moisture-wicking performance,https://www.famousfootwear.ca//productimages/shoes_ib708998.jpg?preset=results,Men's Tobias 8 Eye Lace Up Boot,119.99,10,9
Columbia,mens-boots,Brown,High-quality and light-weight,https://www.famousfootwear.ca//productimages/shoes_ib708816.jpg?preset=results,Men's Newton Ridge Plus Waterproof Hiking Boot,119.99,5,6
Columbia,mens-boots,Black,Modern,https://www.famousfootwear.ca//productimages/shoes_ib708812.jpg?preset=results,Men's Bugaboot III XTM Waterproof Boot,169.99,7,11
Kamik,mens-boots,Black,High quality canvas construction,https://www.famousfootwear.ca//productimages/shoes_ib708803.jpg?preset=results,Men's Griffon 2 Waterproof Cold Weather Boot,139.99,3,13
Timberland,mens-boots,Wheat,Water-resistant with a vibrant canvas print along the full length of the tops,https://www.famousfootwear.ca//productimages/shoes_ib708616.jpg?preset=results,Men's Graydon Memory Foam Water Resistant Sneaker Boot,119.99,3,8
Columbia,mens-boots,Mud Brown,Modern,https://www.famousfootwear.ca//productimages/shoes_ib706238.jpg?preset=results,Men's Crestwood Waterproof Medium/Wide Hiking Boot,119.99,14,12
Timberland,mens-boots,Medium Brown,High quality canvas construction,https://www.famousfootwear.ca//productimages/shoes_ib708617.jpg?preset=results,Men's Graydon Memory Foam Water Resistant Sneaker Boot,119.99,10,11
Columbia,mens-boots,Black,High-quality and light-weight,https://www.famousfootwear.ca//productimages/shoes_ib708813.jpg?preset=results,Men's Firecamp Waterproof Boot,129.99,11,6
Cole Haan,mens-boots,Woodbury,Crafted from a premium fabric blend for enhanced moisture-wicking performance,https://www.famousfootwear.ca//productimages/shoes_ib708899.jpg?preset=results,Men's Grand Tour Chukka Boot,129.99,5,8
Dockers,mens-boots,Brown,High quality canvas construction,https://www.famousfootwear.ca//productimages/shoes_ib709203.jpg?preset=results,Men's Grant Chelsea Boot,99.98,10,13
Rockport,mens-boots,Black,High quality EVA sole for traction and exceptional durability,https://www.famousfootwear.ca//productimages/shoes_ib52950.jpg?preset=results,Men's Storm Surge Waterproof Lace Up Boot,99.98,7,9
Clarks,mens-boots,Brown,Elastic stretch V for easy on-and-off use,https://www.famousfootwear.ca//productimages/shoes_ib701397.jpg?preset=results,Men's Bushacre Chukka Boot,79.98,11,6
Deer Stags,mens-boots,Black,High-quality and light-weight,https://www.famousfootwear.ca//productimages/shoes_ib701588.jpg?preset=results,Men's Seattle Medium/Wide Chukka Boot,39.98,15,6
Deer Stags,mens-boots,Medium Brown,Elastic stretch V for easy on-and-off use,https://www.famousfootwear.ca//productimages/shoes_ib703082.jpg?preset=results,Men's Seattle Medium/Wide Chukka Boot,39.98,11,11
Columbia,mens-boots,Mud Brown,Soft textile lining with lightweight construction for maximum comfort,https://www.famousfootwear.ca//productimages/shoes_ib700586.jpg?preset=results,Men's Birkie Trail Medium/Wide Hiking Shoe,49.98,1,9
Columbia,mens-boots,Mud Brown,High quality EVA sole for traction and exceptional durability,https://www.famousfootwear.ca//productimages/shoes_ib702821.jpg?preset=results,Men's Birkie Trail Medium/Wide Hiking Shoe,49.98,12,7
Kamik,mens-boots,Chocolate Brown,High-quality and light-weight,https://www.famousfootwear.ca//productimages/shoes_ib708802.jpg?preset=results,Men's Velox Mid Waterproof Winter Boot,109.98,4,7
Dr. Martens,mens-boots,Brown,Elastic stretch V for easy on-and-off use,https://www.famousfootwear.ca//productimages/shoes_ib708997.jpg?preset=results,Men's Cabrillo Chukka Boot,99.98,4,7
Clarks,mens-boots,Black,Modern,https://www.famousfootwear.ca//productimages/shoes_ib707500.jpg?preset=results,Men's Tilden Waterproof Lace Up Boot,59.98,5,7
Rockport,mens-boots,Brown,Water-resistant with a vibrant canvas print along the full length of the tops,https://www.famousfootwear.ca//productimages/shoes_ib39890.jpg?preset=results,Men's Storm Surge Waterproof Lace Up Boot,99.98,1,13
Clarks,mens-boots,Black,High quality canvas construction,https://www.famousfootwear.ca//productimages/shoes_ib707339.jpg?preset=results,Men's Bushacre Chukka Boot,75.98,3,6
LUGZ,mens-boots,Black,High quality EVA sole for traction and exceptional durability,https://www.famousfootwear.ca//productimages/shoes_ib708906.jpg?preset=results,Men's Zeolite Slip Resistant Water Resistant Lace Up Boot,69.98,13,11
Skechers,mens-boots,Brown,Full canvas double sided print with rounded toe construction,https://www.famousfootwear.ca//productimages/shoes_ib709031.jpg?preset=results,Men's Relment Traven Outdoor Boot,99.98,1,6
Timberland,mens-boots,Brown,High quality EVA sole for traction and exceptional durability,https://www.famousfootwear.ca//productimages/shoes_ib708618.jpg?preset=results,Men's Sawyer Lane Waterproof Chukka Boot,119.98,8,11
Perry Ellis,mens-boots,Tan,Crafted from a premium fabric blend for enhanced moisture-wicking performance,https://www.famousfootwear.ca//productimages/shoes_ib90414.jpg?preset=results,Men's Hampton Memory Foam Sneaker Boot,45.98,8,11
Levi's,mens-boots,Dark Tan,Water-resistant with a vibrant canvas print along the full length of the tops,https://www.famousfootwear.ca//productimages/shoes_ib92578.jpg?preset=results,Men's Windham Lace Up Boot,69.98,6,9
Dr. Martens,mens-boots,Black,High-quality and light-weight,https://www.famousfootwear.ca//productimages/shoes_ib707229.jpg?preset=results,Men's Cartor Lace Up Rugged Boot,99.98,5,12
Dockers,mens-boots,Red Brown,Soft textile lining with lightweight construction for maximum comfort,https://www.famousfootwear.ca//productimages/shoes_ib707482.jpg?preset=results,Men's Therman Boot,99.98,15,7
NUNN BUSH,mens-boots,Black,Crafted from a premium fabric blend for enhanced moisture-wicking performance,https://www.famousfootwear.ca//productimages/shoes_ib707910.jpg?preset=results,Men's Nantucket Water-Proof Chukka Boot,59.98,4,6
Skechers,mens-casual-shoes,Brown,Water-resistant with a vibrant canvas print along the full length of the tops,https://www.famousfootwear.ca//productimages/shoes_ib710244.jpg?preset=results,Men's Volgo Slip On Sneaker,74.99,12,6
Converse,mens-casual-shoes,Black/Grey,Elastic stretch V for easy on-and-off use,https://www.famousfootwear.ca//productimages/shoes_ib709650.jpg?preset=results,Chuck Taylor All Star High Street High Top Sneaker,74.99,5,9
Skechers,mens-casual-shoes,Black,Water-resistant with a vibrant canvas print along the full length of the tops,https://www.famousfootwear.ca//productimages/shoes_ib710232.jpg?preset=results,Men's Wasik Medium/Wide Slip On Sneaker,84.99,8,8
Skechers Work,mens-casual-shoes,Black,Crafted from a premium fabric blend for enhanced moisture-wicking performance,https://www.famousfootwear.ca//productimages/shoes_ib710341.jpg?preset=results,Men's Nampa Groton Wide Slip On Slip Resistant Work Shoe,69.99,2,10
Dr. Scholl's,mens-casual-shoes,Black,Full canvas double sided print with rounded toe construction,https://www.famousfootwear.ca//productimages/shoes_ib706685.jpg?preset=results,Men's Intrepid Medium/Wide Slip Resistant Sneaker,59.99,4,9
Vans,mens-casual-shoes,White,Full canvas double sided print with rounded toe construction,https://www.famousfootwear.ca//productimages/shoes_ib705597.jpg?preset=results,Men's Ward Low Top Sneaker,69.99,1,6
Nike,mens-casual-shoes,Black/White,Elastic stretch V for easy on-and-off use,https://www.famousfootwear.ca//productimages/shoes_ib708484.jpg?preset=results,Men's Air Max Motion 2 Sneaker,94.99,7,13
Dr. Scholl's,mens-casual-shoes,Grey,Crafted from a premium fabric blend for enhanced moisture-wicking performance,https://www.famousfootwear.ca//productimages/shoes_ib709392.jpg?preset=results,Men's Sync Oxford Shoe,79.99,6,6
Nike,mens-casual-shoes,Black,Full canvas double sided print with rounded toe construction,https://www.famousfootwear.ca//productimages/shoes_ib708155.jpg?preset=results,Men's Air Max Motion 2 Sneaker,104.99,2,11
Nike,mens-casual-shoes,Black/Black/Red,Water-resistant with a vibrant canvas print along the full length of the tops,https://www.famousfootwear.ca//productimages/shoes_ib705041.jpg?preset=results,Men's Nike SB Check Solar Canvas Skate Shoe,84.99,13,6
adidas,mens-casual-shoes,Black/White,Modern,https://www.famousfootwear.ca//productimages/shoes_ib707573.jpg?preset=results,Men's Grand Court Sneaker,79.99,8,12
adidas,mens-casual-shoes,Black/White,High quality canvas construction,https://www.famousfootwear.ca//productimages/shoes_ib707485.jpg?preset=results,Men's VS Hoops 2.0 High Top Sneaker,89.99,10,6
Vans,mens-casual-shoes,Checkerboard/Black/White,Crafted from a premium fabric blend for enhanced moisture-wicking performance,https://www.famousfootwear.ca//productimages/shoes_ib706992.jpg?preset=results,Men's Ward Low Top Sneaker,69.99,6,13
adidas,mens-casual-shoes,White/Black,High quality EVA sole for traction and exceptional durability,https://www.famousfootwear.ca//productimages/shoes_ib708305.jpg?preset=results,Men's VS Hoops 2.0 High Top Sneaker,89.99,7,6
Vans,mens-casual-shoes,Black,High quality canvas construction,https://www.famousfootwear.ca//productimages/shoes_ib701240.jpg?preset=results,Men's Asher Slip On Low Top Sneaker,64.99,14,12
Converse,mens-casual-shoes,White/Grey,Water-resistant with a vibrant canvas print along the full length of the tops,https://www.famousfootwear.ca//productimages/shoes_ib709651.jpg?preset=results,Chuck Taylor All Star High Street High Top Sneaker,64.99,5,13
Nike,mens-casual-shoes,Black/White,High quality EVA sole for traction and exceptional durability,https://www.famousfootwear.ca//productimages/shoes_ib708537.jpg?preset=results,Men's LD Victory Sneaker,79.99,5,13
Vans,mens-casual-shoes,Black,Soft textile lining with lightweight construction for maximum comfort,https://www.famousfootwear.ca//productimages/shoes_ib705596.jpg?preset=results,Men's Ward High Top Sneaker,79.99,11,11
Nike,mens-casual-shoes,Black/Red,High quality canvas construction,https://www.famousfootwear.ca//productimages/shoes_ib707340.jpg?preset=results,Men's Air Monarch IV X-Wide Walking Shoe,84.99,7,8
Dr. Scholl's,mens-casual-shoes,Tan,High quality EVA sole for traction and exceptional durability,https://www.famousfootwear.ca//productimages/shoes_ib709376.jpg?preset=results,Men's Sync Oxford Shoe,79.99,2,12
Nike,mens-casual-shoes,Black/Black,Water-resistant with a vibrant canvas print along the full length of the tops,https://www.famousfootwear.ca//productimages/shoes_ib703810.jpg?preset=results,Men's Tanjun Sneaker,87.99,5,8
Converse,mens-casual-shoes,Black/White,Water-resistant with a vibrant canvas print along the full length of the tops,https://www.famousfootwear.ca//productimages/shoes_ib705631.jpg?preset=results,Chuck Taylor All Star Low Top Sneaker,59.99,14,7
Converse,mens-casual-shoes,Black/Black,Modern,https://www.famousfootwear.ca//productimages/shoes_ib705638.jpg?preset=results,Chuck Taylor All Star Hi Top Sneaker,69.99,14,10
Skechers,mens-casual-shoes,Brown/Black,High quality EVA sole for traction and exceptional durability,https://www.famousfootwear.ca//productimages/shoes_ib708250.jpg?preset=results,Men's Brant Sneaker,89.99,13,10
Dr. Scholl's Work,mens-casual-shoes,Black,Full canvas double sided print with rounded toe construction,https://www.famousfootwear.ca//productimages/shoes_ib12595.jpg?preset=results,Men's Harrington Medium/Wide Slip Resistant Work Oxford,69.99,7,13
Dr. Scholl's,mens-casual-shoes,Black,Modern,https://www.famousfootwear.ca//productimages/shoes_ib700514.jpg?preset=results,Men's Harrington Medium/Wide Slip Resistant Work Oxford,69.99,11,11
Dr. Scholl's,mens-casual-shoes,Black,High-quality and light-weight,https://www.famousfootwear.ca//productimages/shoes_ib700516.jpg?preset=results,Men's Cambridge Medium/Wide Slip Resistant Work Shoe,59.99,11,7
Sperry,mens-casual-shoes,Sahara Tan,Water-resistant with a vibrant canvas print along the full length of the tops,https://www.famousfootwear.ca//productimages/shoes_ib700756.jpg?preset=results,Men's Leeward Medium/Wide 2 Eye Boat Shoe,99.99,12,10
Puma,mens-casual-shoes,Black/Black,Elastic stretch V for easy on-and-off use,https://www.famousfootwear.ca//productimages/shoes_ib72730.jpg?preset=results,Men's Pacer Next Cage Sneaker,99.99,3,7
Nike,mens-casual-shoes,Black/Black,Elastic stretch V for easy on-and-off use,https://www.famousfootwear.ca//productimages/shoes_ib708482.jpg?preset=results,Men's Oketo Sneaker,84.99,14,7
Vans,mens-casual-shoes,Checkerboard/Black/Red,Water-resistant with a vibrant canvas print along the full length of the tops,https://www.famousfootwear.ca//productimages/shoes_ib707574.jpg?preset=results,Men's Ward Low Top Sneaker,64.99,6,8
Vans,mens-casual-shoes,Black/White,Full canvas double sided print with rounded toe construction,https://www.famousfootwear.ca//productimages/shoes_ib708497.jpg?preset=results,Men's Asher Slip On Low Top Sneaker,64.99,10,12
Vans,mens-casual-shoes,Black,Soft textile lining with lightweight construction for maximum comfort,https://www.famousfootwear.ca//productimages/shoes_ib700415.jpg?preset=results,Men's Atwood Low Top Sneaker,69.99,6,12
Vans,mens-casual-shoes,Black,Elastic stretch V for easy on-and-off use,https://www.famousfootwear.ca//productimages/shoes_ib705376.jpg?preset=results,Men's Ward Low Top Sneaker,69.99,8,12
Converse,mens-casual-shoes,Dark Grey/Lt Grey,Soft textile lining with lightweight construction for maximum comfort,https://www.famousfootwear.ca//productimages/shoes_ib706262.jpg?preset=results,Chuck Taylor All Star High Street High Top Sneaker,69.99,15,12
adidas,mens-casual-shoes,White/Black,Water-resistant with a vibrant canvas print along the full length of the tops,https://www.famousfootwear.ca//productimages/shoes_ib709070.jpg?preset=results,Men's Questar Flow Sneaker,94.99,4,10
adidas,mens-casual-shoes,Black/White,High quality canvas construction,https://www.famousfootwear.ca//productimages/shoes_ib708539.jpg?preset=results,Men's Hoops Low Sneaker,79.99,13,13
Nike,mens-casual-shoes,Black,High-quality and light-weight,https://www.famousfootwear.ca//productimages/shoes_ib700163.jpg?preset=results,Men's Air Monarch IV X-Wide Walking Shoe,84.99,5,11
Nike,mens-casual-shoes,Navy/White,Water-resistant with a vibrant canvas print along the full length of the tops,https://www.famousfootwear.ca//productimages/shoes_ib709472.jpg?preset=results,Men's Nike SB Charge Skate Shoe,84.99,12,7
adidas,mens-casual-shoes,Black/White,High quality EVA sole for traction and exceptional durability,https://www.famousfootwear.ca//productimages/shoes_ib707486.jpg?preset=results,Men's Cloudfoam Adapt Slip On Sneaker,94.99,9,7
adidas,mens-casual-shoes,White/Black,Water-resistant with a vibrant canvas print along the full length of the tops,https://www.famousfootwear.ca//productimages/shoes_ib707572.jpg?preset=results,Men's Grand Court Sneaker,79.99,10,13
Vans,mens-casual-shoes,Black/White,Full canvas double sided print with rounded toe construction,https://www.famousfootwear.ca//productimages/shoes_ib704275.jpg?preset=results,Men's Ward High Top Sneaker,69.99,7,11
adidas,mens-casual-shoes,White/Black,Modern,https://www.famousfootwear.ca//productimages/shoes_ib709832.jpg?preset=results,Men's Cloudfoam Adapt Slip On Sneaker,94.99,5,11
Nike,mens-casual-shoes,Grey/Red,Full canvas double sided print with rounded toe construction,https://www.famousfootwear.ca//productimages/shoes_ib708154.jpg?preset=results,Men's Air Max Motion 2 Sneaker,89.99,7,13
Vans,mens-casual-shoes,Black/White,High-quality and light-weight,https://www.famousfootwear.ca//productimages/shoes_ib708412.jpg?preset=results,Men's Doheny Low Top Sneaker,64.99,5,13
Nike,mens-casual-shoes,Black,Soft textile lining with lightweight construction for maximum comfort,https://www.famousfootwear.ca//productimages/shoes_ib708646.jpg?preset=results,Men's Nike SB Charge Skate Shoe,87.99,10,13
Nike,mens-casual-shoes,Black/White,Crafted from a premium fabric blend for enhanced moisture-wicking performance,https://www.famousfootwear.ca//productimages/shoes_ib708265.jpg?preset=results,Men's Acalme Sneaker,84.99,3,9
Vans,mens-casual-shoes,Black/White,High quality canvas construction,https://www.famousfootwear.ca//productimages/shoes_ib708747.jpg?preset=results,Men's Doheny Low Top Sneaker,69.99,12,8
Vans,mens-casual-shoes,White,Water-resistant with a vibrant canvas print along the full length of the tops,https://www.famousfootwear.ca//productimages/shoes_ib709492.jpg?preset=results,Men's Doheny Low Top Sneaker,69.99,7,11
Nike,mens-casual-shoes,Black,Modern,https://www.famousfootwear.ca//productimages/shoes_ib706896.jpg?preset=results,Men's Ebernon Low Top Sneaker,79.99,11,9
adidas,mens-casual-shoes,White/White,High quality canvas construction,https://www.famousfootwear.ca//productimages/shoes_ib709035.jpg?preset=results,Men's Hoops Low Sneaker,79.99,11,10
Vans,mens-casual-shoes,Grey/Black,High-quality and light-weight,https://www.famousfootwear.ca//productimages/shoes_ib709772.jpg?preset=results,Men's Ward Low Top Sneaker,84.99,15,13
adidas,mens-casual-shoes,Black/Red,High quality canvas construction,https://www.famousfootwear.ca//productimages/shoes_ib708306.jpg?preset=results,Men's VS Hoops 2.0 High Top Sneaker,94.99,5,9
Vans,mens-casual-shoes,Black/Black,Elastic stretch V for easy on-and-off use,https://www.famousfootwear.ca//productimages/shoes_ib708363.jpg?preset=results,Men's Doheny Low Top Sneaker,64.99,6,13
adidas,mens-casual-shoes,Noir/Rouge/Blanc,High-quality and light-weight,https://www.famousfootwear.ca//productimages/shoes_ib708308.jpg?preset=results,Men's Cloudfoam Lite Racer BYD Sneaker,79.99,1,10
adidas,mens-casual-shoes,Noir/Noir,High-quality and light-weight,https://www.famousfootwear.ca//productimages/shoes_ib708307.jpg?preset=results,Men's Cloudfoam Lite Racer BYD Sneaker,94.99,13,7
Vans,mens-casual-shoes,Black/White,Modern,https://www.famousfootwear.ca//productimages/shoes_ib704273.jpg?preset=results,Men's Ward Low Top Sneaker,74.99,8,7
Nike,mens-casual-shoes,Grey/White,High-quality and light-weight,https://www.famousfootwear.ca//productimages/shoes_ib708717.jpg?preset=results,Men's Nike SB Charge Skate Shoe,84.99,5,6
Nike,mens-casual-shoes,White/Black,Full canvas double sided print with rounded toe construction,https://www.famousfootwear.ca//productimages/shoes_ib708419.jpg?preset=results,Men's Cortez Basic Leather Sneaker,89.99,5,11
Vans,mens-casual-shoes,Checkerboard/Black/White,Full canvas double sided print with rounded toe construction,https://www.famousfootwear.ca//productimages/shoes_ib706567.jpg?preset=results,Men's Asher Slip On Low Top Sneaker,59.99,6,11
adidas,mens-casual-shoes,Black/Grey,Soft textile lining with lightweight construction for maximum comfort,https://www.famousfootwear.ca//productimages/shoes_ib707667.jpg?preset=results,Men's Questar Flow Sneaker,94.99,3,10
Nike,mens-casual-shoes,White/Black,Soft textile lining with lightweight construction for maximum comfort,https://www.famousfootwear.ca//productimages/shoes_ib709398.jpg?preset=results,Men's Air Max Excee Sneaker,114.99,15,8
Converse,mens-casual-shoes,Black/Green,Full canvas double sided print with rounded toe construction,https://www.famousfootwear.ca//productimages/shoes_ib709647.jpg?preset=results,Chuck Taylor All Star High Street High Top Sneaker,74.99,9,7
Nike,mens-casual-shoes,Grey,Elastic stretch V for easy on-and-off use,https://www.famousfootwear.ca//productimages/shoes_ib709453.jpg?preset=results,Men's Nike SB Check Solar Canvas Skate Shoe,89.99,11,6
Nike,mens-casual-shoes,Black/White,High quality EVA sole for traction and exceptional durability,https://www.famousfootwear.ca//productimages/shoes_ib708418.jpg?preset=results,Men's Cortez Basic Leather Sneaker,89.99,13,8
Nike,mens-casual-shoes,Black/White,Soft textile lining with lightweight construction for maximum comfort,https://www.famousfootwear.ca//productimages/shoes_ib708645.jpg?preset=results,Men's Nike SB Charge Skate Shoe,84.99,2,9
Nike,mens-casual-shoes,White,High quality canvas construction,https://www.famousfootwear.ca//productimages/shoes_ib707338.jpg?preset=results,Men's Air Monarch IV X-Wide Walking Shoe,84.99,7,12
Vans,mens-casual-shoes,Red/White,High-quality and light-weight,https://www.famousfootwear.ca//productimages/shoes_ib708748.jpg?preset=results,Men's Doheny Low Top Sneaker,54.99,9,11
Sperry,mens-casual-shoes,Ash Grey,Crafted from a premium fabric blend for enhanced moisture-wicking performance,https://www.famousfootwear.ca//productimages/shoes_ib701622.jpg?preset=results,Men's Halyard Sneaker,64.99,4,9
Nike,mens-casual-shoes,Black/Gum,Full canvas double sided print with rounded toe construction,https://www.famousfootwear.ca//productimages/shoes_ib708544.jpg?preset=results,Men's Nike SB Charge Skate Shoe,84.99,3,7
Nike,mens-casual-shoes,Red,Elastic stretch V for easy on-and-off use,https://www.famousfootwear.ca//productimages/shoes_ib708725.jpg?preset=results,Men's Quest Running Shoe,84.99,2,6
Nike,mens-casual-shoes,Black/White,High-quality and light-weight,https://www.famousfootwear.ca//productimages/shoes_ib708488.jpg?preset=results,Men's Nike SB Charge Skate Shoe,87.99,10,6
Levi's,mens-casual-shoes,Dark Brown,Crafted from a premium fabric blend for enhanced moisture-wicking performance,https://www.famousfootwear.ca//productimages/shoes_ib93796.jpg?preset=results,Men's Turner Nappa Sneaker,59.99,11,10
Vans,mens-casual-shoes,Checkerboard/Grey,Modern,https://www.famousfootwear.ca//productimages/shoes_ib708498.jpg?preset=results,Men's Doheny Low Top Sneaker,59.99,15,11
Puma,mens-casual-shoes,Black/Black/Wht,Modern,https://www.famousfootwear.ca//productimages/shoes_ib709508.jpg?preset=results,Men's Enzo 2 Sneaker,84.99,1,6
Nike,mens-casual-shoes,Black/White,Water-resistant with a vibrant canvas print along the full length of the tops,https://www.famousfootwear.ca//productimages/shoes_ib708417.jpg?preset=results,Men's Oketo Sneaker,99.99,7,9
New Balance,mens-casual-shoes,White/Navy,Water-resistant with a vibrant canvas print along the full length of the tops,https://www.famousfootwear.ca//productimages/shoes_ib707478.jpg?preset=results,Men's 608V5 Medium/X-Wide Walking Shoe,89.99,7,8
Levi's,mens-casual-shoes,Black Tan,Elastic stretch V for easy on-and-off use,https://www.famousfootwear.ca//productimages/shoes_ib96207.jpg?preset=results,Men's Jeffrey High Top Sneaker,89.99,3,9
Levi's,mens-casual-shoes,Brown Tan,Water-resistant with a vibrant canvas print along the full length of the tops,https://www.famousfootwear.ca//productimages/shoes_ib96395.jpg?preset=results,Men's Stanton High Top Sneaker Boot,74.99,14,13
Puma,mens-casual-shoes,Black/Grey,High-quality and light-weight,https://www.famousfootwear.ca//productimages/shoes_ib709511.jpg?preset=results,Men's Pacer Next Excel Sneaker,84.99,13,8
Skechers,mens-casual-shoes,Black,Elastic stretch V for easy on-and-off use,https://www.famousfootwear.ca//productimages/shoes_ib702615.jpg?preset=results,Men's Avillo Relaxed Fit Memory Foam Slip On Sneaker,74.99,2,13
Skechers,mens-casual-shoes,Brown,Modern,https://www.famousfootwear.ca//productimages/shoes_ib707455.jpg?preset=results,Men's Malton Memory Foam Medium/Wide Sneaker,69.99,7,6
Fila,mens-casual-shoes,Black,Crafted from a premium fabric blend for enhanced moisture-wicking performance,https://www.famousfootwear.ca//productimages/shoes_ib709679.jpg?preset=results,Men's Workshift  Medium/Wide Slip Resistant Work Shoe,69.99,3,6
Skechers,mens-casual-shoes,Wht,Modern,https://www.famousfootwear.ca//productimages/shoes_ib710233.jpg?preset=results,Men's Vigor Wide Sneaker,79.99,10,11
Skechers,mens-casual-shoes,Tan,Soft textile lining with lightweight construction for maximum comfort,https://www.famousfootwear.ca//productimages/shoes_ib709380.jpg?preset=results,Men's Enago Waterproof Outdoor Sneaker,74.99,14,9
Skechers,mens-casual-shoes,Charcoal Grey,High quality EVA sole for traction and exceptional durability,https://www.famousfootwear.ca//productimages/shoes_ib702534.jpg?preset=results,Men's Energy After Burn Memory Foam X-Wide Sneaker,74.99,15,7
Deer Stags,mens-casual-shoes,Dark Luggage,High quality canvas construction,https://www.famousfootwear.ca//productimages/shoes_ib707466.jpg?preset=results,Men's Drive Driving Moc,49.99,12,8
Skechers,mens-casual-shoes,Black,Soft textile lining with lightweight construction for maximum comfort,https://www.famousfootwear.ca//productimages/shoes_ib707145.jpg?preset=results,Men's Forde Memory Foam Slip On,89.99,14,9
Skechers,mens-casual-shoes,Light Brown,Modern,https://www.famousfootwear.ca//productimages/shoes_ib703474.jpg?preset=results,Men's Milford Memory Foam Medium/Wide Slip On,74.99,2,11
Skechers,mens-casual-shoes,Tan,High quality canvas construction,https://www.famousfootwear.ca//productimages/shoes_ib706788.jpg?preset=results,Men's Forde Memory Foam Slip On,84.99,11,11
Skechers,mens-casual-shoes,Black,High quality canvas construction,https://www.famousfootwear.ca//productimages/shoes_ib704240.jpg?preset=results,Men's Persistent Slip On Wide Sneaker,79.99,15,6
Skechers,mens-casual-shoes,Brown,Modern,https://www.famousfootwear.ca//productimages/shoes_ib709382.jpg?preset=results,Men's Wildon Memory Foam Slip On,89.99,10,9
Sperry,mens-casual-shoes,Black Chambray,High-quality and light-weight,https://www.famousfootwear.ca//productimages/shoes_ib55421.jpg?preset=results,Men's Halyard 2 Eye Medium/Wide Boat Shoe,74.99,3,8
Dockers,mens-casual-shoes,Black,Crafted from a premium fabric blend for enhanced moisture-wicking performance,https://www.famousfootwear.ca//productimages/shoes_ib700736.jpg?preset=results,Men's Trustee Bicycle Toe Oxford,99.99,8,7
Skechers,mens-casual-shoes,Charcoal Grey,Water-resistant with a vibrant canvas print along the full length of the tops,https://www.famousfootwear.ca//productimages/shoes_ib705215.jpg?preset=results,Men's Double Play Medium/Wide Memory Foam Slip On Sneaker,84.99,9,11
Skechers,mens-casual-shoes,Charcoal,Full canvas double sided print with rounded toe construction,https://www.famousfootwear.ca//productimages/shoes_ib709381.jpg?preset=results,Men's Manden Relaxed Fit Memory Foam Sneaker,89.99,12,7
Dr. Scholl's,mens-dress-shoes,Grey,Soft textile lining with lightweight construction for maximum comfort,https://www.famousfootwear.ca//productimages/shoes_ib709392.jpg?preset=results,Men's Sync Oxford Shoe,79.99,11,13
Dr. Scholl's,mens-dress-shoes,Tan,Crafted from a premium fabric blend for enhanced moisture-wicking performance,https://www.famousfootwear.ca//productimages/shoes_ib709376.jpg?preset=results,Men's Sync Oxford Shoe,79.99,10,6
Dockers,mens-dress-shoes,Black,High-quality and light-weight,https://www.famousfootwear.ca//productimages/shoes_ib706558.jpg?preset=results,Men's Emptor Medium/Wide Slip On,89.99,2,9
Deer Stags,mens-dress-shoes,Black,High quality EVA sole for traction and exceptional durability,https://www.famousfootwear.ca//productimages/shoes_ib702711.jpg?preset=results,Men's Nu Times Waterproof Slip Resistant Memory Foam Oxford,64.99,11,9
Deer Stags,mens-dress-shoes,Black,Soft textile lining with lightweight construction for maximum comfort,https://www.famousfootwear.ca//productimages/shoes_ib702710.jpg?preset=results,Men's Nu Media Medium/Wide Memory Foam Waterproof Slip On,64.99,11,12
Bostonian,mens-dress-shoes,Black,Soft textile lining with lightweight construction for maximum comfort,https://www.famousfootwear.ca//productimages/shoes_ib707504.jpg?preset=results,Men's Ipswich Apron Toe Oxford,79.99,6,12
Stacy Adams,mens-dress-shoes,Black,Elastic stretch V for easy on-and-off use,https://www.famousfootwear.ca//productimages/shoes_ib708722.jpg?preset=results,Men's Dickinson Cap Toe Oxford,99.99,8,9
Dockers,mens-dress-shoes,Brown,Elastic stretch V for easy on-and-off use,https://www.famousfootwear.ca//productimages/shoes_ib707169.jpg?preset=results,Men's Garfield Medium/Wide Cap Toe Oxford,89.99,12,13
Stacy Adams,mens-dress-shoes,Cognac,Crafted from a premium fabric blend for enhanced moisture-wicking performance,https://www.famousfootwear.ca//productimages/shoes_ib705932.jpg?preset=results,Men's Dickinson Cap Toe Oxford,109.99,9,11
Dockers,mens-dress-shoes,Black,High quality EVA sole for traction and exceptional durability,https://www.famousfootwear.ca//productimages/shoes_ib707168.jpg?preset=results,Men's Franchise 2.0 Slip On,84.99,15,7
Perry Ellis,mens-dress-shoes,Brown,High quality canvas construction,https://www.famousfootwear.ca//productimages/shoes_ib53632.jpg?preset=results,Men's Brooks Plain Toe Oxford,59.99,14,7
Dockers,mens-dress-shoes,Black,Soft textile lining with lightweight construction for maximum comfort,https://www.famousfootwear.ca//productimages/shoes_ib700730.jpg?preset=results,Men's Gordon Medium/Wide Cap Toe Oxford,84.99,11,10
Florsheim,mens-dress-shoes,Cognac,Water-resistant with a vibrant canvas print along the full length of the tops,https://www.famousfootwear.ca//productimages/shoes_ib707445.jpg?preset=results,Men's Midtown Cap Toe Oxford,109.99,4,8
Florsheim,mens-dress-shoes,Black,Elastic stretch V for easy on-and-off use,https://www.famousfootwear.ca//productimages/shoes_ib707444.jpg?preset=results,Men's Midtown Cap Toe Oxford,109.99,15,13
Perry Ellis,mens-dress-shoes,Black,Elastic stretch V for easy on-and-off use,https://www.famousfootwear.ca//productimages/shoes_ib94555.jpg?preset=results,Men's Stewart Slip On Loafer,59.99,3,9
Dockers,mens-dress-shoes,Whiskey,Elastic stretch V for easy on-and-off use,https://www.famousfootwear.ca//productimages/shoes_ib707171.jpg?preset=results,Men's Endow 2.0 Medium/Wide Oxford,89.99,5,10
Florsheim,mens-dress-shoes,Black,Elastic stretch V for easy on-and-off use,https://www.famousfootwear.ca//productimages/shoes_ib707446.jpg?preset=results,Men's Midtown Moc Toe Slip On,99.99,1,6
Dockers,mens-dress-shoes,Chestnut,High quality EVA sole for traction and exceptional durability,https://www.famousfootwear.ca//productimages/shoes_ib709201.jpg?preset=results,Men's Bergen Cap Toe Oxford,99.99,4,8
Dockers,mens-dress-shoes,Black,Water-resistant with a vibrant canvas print along the full length of the tops,https://www.famousfootwear.ca//productimages/shoes_ib707170.jpg?preset=results,Men's Endow 2.0 Oxford,89.99,7,9
Dockers,mens-dress-shoes,Black,High quality canvas construction,https://www.famousfootwear.ca//productimages/shoes_ib709200.jpg?preset=results,Men's Bergen Cap Toe Oxford,99.99,12,6
Deer Stags,mens-dress-shoes,Black,Water-resistant with a vibrant canvas print along the full length of the tops,https://www.famousfootwear.ca//productimages/shoes_ib707468.jpg?preset=results,Men's Fund Penny Loafer,49.99,8,8
Cole Haan,mens-dress-shoes,Woodbury/Ivory,High quality canvas construction,https://www.famousfootwear.ca//productimages/shoes_ib708894.jpg?preset=results,Men's Grand Tour Wing Tip Oxford,109.99,1,10
Deer Stags,mens-dress-shoes,Black,Crafted from a premium fabric blend for enhanced moisture-wicking performance,https://www.famousfootwear.ca//productimages/shoes_ib701588.jpg?preset=results,Men's Seattle Medium/Wide Chukka Boot,39.98,5,13
Stacy Adams,mens-dress-shoes,Cognac,Elastic stretch V for easy on-and-off use,https://www.famousfootwear.ca//productimages/shoes_ib708723.jpg?preset=results,Men's Donovan Dress Shoe,79.98,14,12
Deer Stags,mens-dress-shoes,Medium Brown,Water-resistant with a vibrant canvas print along the full length of the tops,https://www.famousfootwear.ca//productimages/shoes_ib703082.jpg?preset=results,Men's Seattle Medium/Wide Chukka Boot,39.98,13,9
Florsheim,mens-dress-shoes,Black,High quality EVA sole for traction and exceptional durability,https://www.famousfootwear.ca//productimages/shoes_ib708012.jpg?preset=results,Men's Positino Cap Toe Dress Shoe,75.98,9,7
Bostonian,mens-dress-shoes,Black,Full canvas double sided print with rounded toe construction,https://www.famousfootwear.ca//productimages/shoes_ib707503.jpg?preset=results,Men's Bolton Slip On Loafer,79.98,1,8
Bostonian,mens-dress-shoes,Dark Tan,High quality EVA sole for traction and exceptional durability,https://www.famousfootwear.ca//productimages/shoes_ib707505.jpg?preset=results,Men's Birkett Cap Toe Dress Shoe,79.98,5,7
NUNN BUSH,mens-dress-shoes,Black,Full canvas double sided print with rounded toe construction,https://www.famousfootwear.ca//productimages/shoes_ib708013.jpg?preset=results,Men's Marvin Oxford,79.98,15,6
NUNN BUSH,mens-dress-shoes,Tan,Modern,https://www.famousfootwear.ca//productimages/shoes_ib708773.jpg?preset=results,Men's Ridgetop Cap Toe Oxford Dress Shoe,79.98,15,8
Perry Ellis,mens-dress-shoes,Black,Elastic stretch V for easy on-and-off use,https://www.famousfootwear.ca//productimages/shoes_ib94546.jpg?preset=results,Men's Jerry Plain Toe Oxford,45.98,11,13
NUNN BUSH,mens-dress-shoes,Black,Soft textile lining with lightweight construction for maximum comfort,https://www.famousfootwear.ca//productimages/shoes_ib708774.jpg?preset=results,Men's Middleton Medium/Wide Cap Toe Oxford,79.98,3,10
Dr. Scholl's,mens-dress-shoes,Cognac,Crafted from a premium fabric blend for enhanced moisture-wicking performance,https://www.famousfootwear.ca//productimages/shoes_ib707632.jpg?preset=results,Men's Hue Plain Toe Oxford,55.98,10,8
Clarks,mens-dress-shoes,Black,High-quality and light-weight,https://www.famousfootwear.ca//productimages/shoes_ib707502.jpg?preset=results,Men's Tilden Plain II Dress Shoe,79.98,2,12
NUNN BUSH,mens-dress-shoes,Black,High-quality and light-weight,https://www.famousfootwear.ca//productimages/shoes_ib707443.jpg?preset=results,Men's Kirkwood Cap Toe,39.98,15,7
Nike,mens-sandals,University Red/Gold,Modern,https://www.famousfootwear.ca//productimages/shoes_ib709391.jpg?preset=results,Men's Benassi JDI Slide Sandal,29.99,1,8
Nike,mens-sandals,Grey/Volt,Soft textile lining with lightweight construction for maximum comfort,https://www.famousfootwear.ca//productimages/shoes_ib710691.jpg?preset=results,Men's Air Max Camden Slide Sandal,64.99,8,11
Crocs,mens-sandals,Black/Graphite,High-quality and light-weight,https://www.famousfootwear.ca//productimages/shoes_ib704829.jpg?preset=results,Men's Modi Sport Thong Sandal,39.99,11,11
Skechers,mens-sandals,Chocolate Brown,Full canvas double sided print with rounded toe construction,https://www.famousfootwear.ca//productimages/shoes_ib703478.jpg?preset=results,Men's Supreme Bosnia Relaxed Fit Medium/Wide Thong Sandal,54.99,3,7
Nike,mens-sandals,Red/Black/White,High-quality and light-weight,https://www.famousfootwear.ca//productimages/shoes_ib709183.jpg?preset=results,Men's Benassi JDI Slide Sandal,29.99,1,10
Nike,mens-sandals,Black,High quality EVA sole for traction and exceptional durability,https://www.famousfootwear.ca//productimages/shoes_ib706045.jpg?preset=results,Men's Benassi JDI Slide Sandal,29.99,4,10
Nike,mens-sandals,Black/Black,High quality canvas construction,https://www.famousfootwear.ca//productimages/shoes_ib709389.jpg?preset=results,Men's Air Max Camden Slide Sandal,64.99,7,8
Nike,mens-sandals,Black/Red,High quality canvas construction,https://www.famousfootwear.ca//productimages/shoes_ib709390.jpg?preset=results,Men's Air Max Camden Slide Sandal,64.99,8,9
Nike,mens-sandals,Black,Modern,https://www.famousfootwear.ca//productimages/shoes_ib702200.jpg?preset=results,Men's Solarsoft 2 Slide Sandal,39.99,6,8
Dr. Scholl's,mens-sandals,Brown Leather,High quality canvas construction,https://www.famousfootwear.ca//productimages/shoes_ib705010.jpg?preset=results,Men's Gordon Memory Foam Slide Sandal,54.99,4,12
adidas,mens-sandals,Black/White,Elastic stretch V for easy on-and-off use,https://www.famousfootwear.ca//productimages/shoes_ib708793.jpg?preset=results,Men's Adissage Slide Sandal,39.99,3,9
Birkenstock,mens-sandals,Brown Birko-Flor,Full canvas double sided print with rounded toe construction,https://www.famousfootwear.ca//productimages/shoes_ib77325.jpg?preset=results,Men's Arizona Footbed Sandal,129.99,15,12
Timberland,mens-sandals,Brown/Tan,Soft textile lining with lightweight construction for maximum comfort,https://www.famousfootwear.ca//productimages/shoes_ib706295.jpg?preset=results,Men's Granite Trailray Sandal,69.99,7,7
Nike,mens-sandals,Black/White,Soft textile lining with lightweight construction for maximum comfort,https://www.famousfootwear.ca//productimages/shoes_ib704566.jpg?preset=results,Men's Benassi JDI Slide Sandal,29.99,5,11
Nike,mens-sandals,Black/White,Modern,https://www.famousfootwear.ca//productimages/shoes_ib704570.jpg?preset=results,Men's Kawa Slide Sandal,34.99,14,8
adidas,mens-sandals,Black/White,Full canvas double sided print with rounded toe construction,https://www.famousfootwear.ca//productimages/shoes_ib708794.jpg?preset=results,Men's Alphabounce Slide Sandal,49.99,14,8
Nike,mens-sandals,White/Black,High-quality and light-weight,https://www.famousfootwear.ca//productimages/shoes_ib704567.jpg?preset=results,Men's Benassi JDI Slide Sandal,29.99,13,12
Crocs,mens-sandals,Brown/Black,High-quality and light-weight,https://www.famousfootwear.ca//productimages/shoes_ib703522.jpg?preset=results,Men's Swiftwater Sandal,59.99,7,12
Skechers,mens-sandals,Black,Crafted from a premium fabric blend for enhanced moisture-wicking performance,https://www.famousfootwear.ca//productimages/shoes_ib708086.jpg?preset=results,Men's Cobano Thong Sandal,59.99,12,11
Skechers,mens-sandals,Black,Water-resistant with a vibrant canvas print along the full length of the tops,https://www.famousfootwear.ca//productimages/shoes_ib706600.jpg?preset=results,Men's Supreme Bosnia Relaxed Fit Medium/Wide Thong Sandal,54.99,1,8
adidas,mens-sandals,Black/White,Water-resistant with a vibrant canvas print along the full length of the tops,https://www.famousfootwear.ca//productimages/shoes_ib700243.jpg?preset=results,Men's Adissage Slide Sandal,34.99,10,10
Under Armour,mens-sandals,Black/White,Crafted from a premium fabric blend for enhanced moisture-wicking performance,https://www.famousfootwear.ca//productimages/shoes_ib706390.jpg?preset=results,Men's Playmaker Fix Slide Sandal,34.99,5,8
Nike,mens-sandals,Khaki,Modern,https://www.famousfootwear.ca//productimages/shoes_ib707604.jpg?preset=results,Men's Benassi JDI Slide Sandal,29.99,6,7
Birkenstock,mens-sandals,Brown Birko-Flor,High quality EVA sole for traction and exceptional durability,https://www.famousfootwear.ca//productimages/shoes_ib710181.jpg?preset=results,Men's Arizona Footbed Sandal,129.99,2,11
adidas,mens-sandals,Black/Black,Modern,https://www.famousfootwear.ca//productimages/shoes_ib707636.jpg?preset=results,Men's Alphabounce Slide Sandal,49.99,3,7
Skechers,mens-sandals,Chocolate Brown,Water-resistant with a vibrant canvas print along the full length of the tops,https://www.famousfootwear.ca//productimages/shoes_ib706601.jpg?preset=results,Men's Emiro Relaxed Fit Memory Foam Thong Sandal,49.99,13,7
Nike,mens-sandals,Black,High quality EVA sole for traction and exceptional durability,https://www.famousfootwear.ca//productimages/shoes_ib707610.jpg?preset=results,Men's Kepa Kai Flip Flop Sandal,37.99,6,10
Nike,mens-sandals,Black/Challenge Red,High quality EVA sole for traction and exceptional durability,https://www.famousfootwear.ca//productimages/shoes_ib703248.jpg?preset=results,Men's Benassi JDI Slide Sandal,29.99,7,6
Dockers,mens-sandals,Brown/Redish Brown,High-quality and light-weight,https://www.famousfootwear.ca//productimages/shoes_ib706719.jpg?preset=results,Men's Newpage Briar Sandal,69.99,9,7
Timberland,mens-sandals,Brown,Water-resistant with a vibrant canvas print along the full length of the tops,https://www.famousfootwear.ca//productimages/shoes_ib707695.jpg?preset=results,Men's Original Thong Sandal,79.99,11,6
Crocs,mens-sandals,Black,Elastic stretch V for easy on-and-off use,https://www.famousfootwear.ca//productimages/shoes_ib704831.jpg?preset=results,Men's Classic Clog,44.99,4,6
Nike,mens-sandals,Black,High quality EVA sole for traction and exceptional durability,https://www.famousfootwear.ca//productimages/shoes_ib707603.jpg?preset=results,Men's Ultra Comfort Slide Sandal,49.99,14,7
Crocs,mens-sandals,Black,High-quality and light-weight,https://www.famousfootwear.ca//productimages/shoes_ib708073.jpg?preset=results,Men's LiteRide Clog Sandal,69.99,12,11
Birkenstock,mens-sandals,Black,High quality canvas construction,https://www.famousfootwear.ca//productimages/shoes_ib710179.jpg?preset=results,Men's Arizona Footbed Sandal,129.99,2,12
Nike,mens-sandals,Black/Gold,Elastic stretch V for easy on-and-off use,https://www.famousfootwear.ca//productimages/shoes_ib706108.jpg?preset=results,Men's Benassi JDI Slide Sandal,29.99,4,8
adidas,mens-sandals,Black/White,Modern,https://www.famousfootwear.ca//productimages/shoes_ib706016.jpg?preset=results,Men's Adilette Comfort Slide Sandal,44.99,8,11
adidas,mens-sandals,Black/White,Water-resistant with a vibrant canvas print along the full length of the tops,https://www.famousfootwear.ca//productimages/shoes_ib707635.jpg?preset=results,Men's Adilette Shower Slide Sandal,37.99,7,9
adidas,mens-sandals,Black,Elastic stretch V for easy on-and-off use,https://www.famousfootwear.ca//productimages/shoes_ib706018.jpg?preset=results,Men's Adilette Comfort Mono Slide Sandal,44.99,9,9
Timberland,mens-sandals,Brown,Modern,https://www.famousfootwear.ca//productimages/shoes_ib707696.jpg?preset=results,Men's Original Slide Sandal,84.99,1,7
Skechers,mens-sandals,Brown,Soft textile lining with lightweight construction for maximum comfort,https://www.famousfootwear.ca//productimages/shoes_ib707874.jpg?preset=results,Men's Garver Louden Sandal,59.99,12,6
Birkenstock,mens-sandals,Mocha,Soft textile lining with lightweight construction for maximum comfort,https://www.famousfootwear.ca//productimages/shoes_ib77336.jpg?preset=results,Men's Arizona Footbed Sandal,129.99,12,6
adidas,mens-sandals,Black,High quality EVA sole for traction and exceptional durability,https://www.famousfootwear.ca//productimages/shoes_ib709584.jpg?preset=results,Men's Adilette Comfort Adjust Slide Sandal,49.99,6,9
Birkenstock,mens-sandals,Black,High-quality and light-weight,https://www.famousfootwear.ca//productimages/shoes_ib710183.jpg?preset=results,Men's Essentials Arizona Footbed Sandal,59.99,6,9
Dr. Scholl's,mens-sandals,Dark Brown,Crafted from a premium fabric blend for enhanced moisture-wicking performance,https://www.famousfootwear.ca//productimages/shoes_ib702499.jpg?preset=results,Men's Donnar Thong Sandal,49.99,14,12
Crevo,mens-sandals,Beige,Crafted from a premium fabric blend for enhanced moisture-wicking performance,https://www.famousfootwear.ca//productimages/shoes_ib93941.jpg?preset=results,Men's Baja Memory Foam Slide Sandal,39.99,13,13
Columbia,mens-sandals,Brown,High-quality and light-weight,https://www.famousfootwear.ca//productimages/shoes_ib707891.jpg?preset=results,Men's Buxton River Sandal,69.99,15,10
Skechers,mens-sandals,Brown,High quality EVA sole for traction and exceptional durability,https://www.famousfootwear.ca//productimages/shoes_ib709032.jpg?preset=results,Men's Garver Live Oak Sandal,69.99,3,10
adidas,mens-sandals,Black/White,Crafted from a premium fabric blend for enhanced moisture-wicking performance,https://www.famousfootwear.ca//productimages/shoes_ib707414.jpg?preset=results,Men's Adilette Comfort Slide Sandal,44.99,10,9
Vans,mens-sandals,Checker/Black,High quality canvas construction,https://www.famousfootwear.ca//productimages/shoes_ib707790.jpg?preset=results,Men's Slide On Sandal,39.99,10,12
Dr. Scholl's,mens-sandals,Brown,High quality canvas construction,https://www.famousfootwear.ca//productimages/shoes_ib700520.jpg?preset=results,Men's Camden Fisherman Sandal,59.99,5,11
Dockers,mens-sandals,Brown,Modern,https://www.famousfootwear.ca//productimages/shoes_ib708333.jpg?preset=results,Men's Shorewood Sandal,64.99,4,8
Crocs,mens-sandals,Brown,Elastic stretch V for easy on-and-off use,https://www.famousfootwear.ca//productimages/shoes_ib708072.jpg?preset=results,Men's Swiftwater Sandal,59.99,6,6
Vans,mens-sandals,Black/White,Modern,https://www.famousfootwear.ca//productimages/shoes_ib707791.jpg?preset=results,Men's Slide One Slide Sandal,34.99,9,8
Nike,mens-sandals,Black,Soft textile lining with lightweight construction for maximum comfort,https://www.famousfootwear.ca//productimages/shoes_ib708175.jpg?preset=results,Men's Benassi JDI Slide Sandal,37.99,5,12
NUNN BUSH,mens-sandals,Tan,Water-resistant with a vibrant canvas print along the full length of the tops,https://www.famousfootwear.ca//productimages/shoes_ib706497.jpg?preset=results,Men's Rio Grande Closed Toe Fisherman Sandal,49.98,9,12
Under Armour,mens-sandals,Black/White,Modern,https://www.famousfootwear.ca//productimages/shoes_ib705948.jpg?preset=results,Men's Ignite V Slide Sandal,35.98,4,9
Under Armour,mens-sandals,Grey/Black,High quality canvas construction,https://www.famousfootwear.ca//productimages/shoes_ib705947.jpg?preset=results,Men's Ignite V Slide Sandal,35.98,5,10
NUNN BUSH,mens-sandals,Brown,Soft textile lining with lightweight construction for maximum comfort,https://www.famousfootwear.ca//productimages/shoes_ib706498.jpg?preset=results,Men's Rio Grande Open Toe Fisherman Sandal,39.98,10,9
Tommy Hilfiger,mens-sandals,Red,Soft textile lining with lightweight construction for maximum comfort,https://www.famousfootwear.ca//productimages/shoes_ib708323.jpg?preset=results,Men's Ranch Slide Sandal,35.98,6,9
Columbia,mens-sandals,Mud Brown,Soft textile lining with lightweight construction for maximum comfort,https://www.famousfootwear.ca//productimages/shoes_ib706239.jpg?preset=results,Men's Santiam 2 River Sandal,75.98,4,6
Nike,mens-sandals,Black/Black,Soft textile lining with lightweight construction for maximum comfort,https://www.famousfootwear.ca//productimages/shoes_ib707600.jpg?preset=results,Men's Kawa Adjust Slide Sandal,35.98,6,10
adidas,mens-sandals,Grey,Full canvas double sided print with rounded toe construction,https://www.famousfootwear.ca//productimages/shoes_ib707637.jpg?preset=results,Men's Adilette Comfort Mono Slide Sandal,39.98,7,10
Skechers,mens-sandals,Brown,Crafted from a premium fabric blend for enhanced moisture-wicking performance,https://www.famousfootwear.ca//productimages/shoes_ib707873.jpg?preset=results,Men's Selmo Closed Toe Fisherman Sandal,55.98,8,10
Under Armour,mens-sandals,Black/Green,High quality canvas construction,https://www.famousfootwear.ca//productimages/shoes_ib707634.jpg?preset=results,Men's Ignite V Slide Sandal,39.98,5,8
NUNN BUSH,mens-sandals,Tan,Full canvas double sided print with rounded toe construction,https://www.famousfootwear.ca//productimages/shoes_ib706499.jpg?preset=results,Men's Rio Grande 3 Strap Closed Toe Fisherman Sandal,59.98,8,6
